Franchise,Playoff_Appearances,Expected_Championships,Actual_Championships,Titles_Above_Expected
Los Angeles Lakers,24,1.6639000000000002,6,4.3361
Golden State Warriors,12,2.2523,4,1.7477
Chicago Bulls,18,2.3901999999999997,4,1.6098000000000003
Miami Heat,25,1.4618,3,1.5382
Houston Rockets,21,0.723,2,1.2770000000000001
Denver Nuggets,19,0.3212,1,0.6788000000000001
San Antonio Spurs,26,4.4152000000000005,5,0.5847999999999995
Toronto Raptors,13,0.7036,1,0.2964
Detroit Pistons,15,0.8321000000000001,1,0.16789999999999994
Washington Wizards / Bullets,10,0.0115,0,-0.0115
New Orleans Pelicans / Hornets,9,0.0407,0,-0.0407
Charlotte Hornets,10,0.0648,0,-0.0648
Dallas Mavericks,19,1.0833,1,-0.08329999999999993
Memphis Grizzlies,14,0.2283,0,-0.2283
Minnesota Timberwolves,13,0.2681,0,-0.2681
Brooklyn Nets / New Jersey Nets,17,0.27540000000000003,0,-0.27540000000000003
Atlanta Hawks,20,0.3119,0,-0.3119
Milwaukee Bucks,18,1.3859,1,-0.3858999999999999
Philadelphia 76ers,17,0.4357,0,-0.4357
Cleveland Cavaliers,17,1.4606999999999999,1,-0.4606999999999999
Portland Trail Blazers,22,0.4928,0,-0.4928
Los Angeles Clippers,15,0.5297,0,-0.5297
New York Knicks,17,0.5542,0,-0.5542
Boston Celtics,23,2.5627,2,-0.5627
Indiana Pacers,24,0.7239,0,-0.7239
Orlando Magic,18,0.7758,0,-0.7758
Sacramento Kings,10,0.8248,0,-0.8248
Phoenix Suns,19,1.4783,0,-1.4783
Utah Jazz,22,1.797,0,-1.797
Oklahoma City Thunder / Seattle SuperSonics,21,2.9312,1,-1.9312
