Season,Season_End,Champion,Wins,Losses,SRS,Simulated_Championships,Championship_Probability
1994-95,1995,Houston Rockets,47,35,2.32,25,0.0025
2000-01,2001,Los Angeles Lakers,56,26,3.74,362,0.0362
2005-06,2006,Miami Heat,52,30,3.59,366,0.0366
2010-11,2011,Dallas Mavericks,57,25,4.41,378,0.0378
1993-94,1994,Houston Rockets,58,24,4.19,457,0.0457
2009-10,2010,Los Angeles Lakers,57,25,4.78,706,0.0706
2015-16,2016,Cleveland Cavaliers,57,25,5.45,716,0.0716
2022-23,2023,Denver Nuggets,53,29,3.04,875,0.0875
2021-22,2022,Golden State Warriors,53,29,5.52,947,0.0947
2017-18,2018,Golden State Warriors,58,24,5.79,974,0.0974
2020-21,2021,Milwaukee Bucks,46,26,5.57,1054,0.1054
2011-12,2012,Miami Heat,46,20,5.72,1152,0.1152
2003-04,2004,Detroit Pistons,54,28,5.04,1266,0.1266
2019-20,2020,Los Angeles Lakers,52,19,6.28,1348,0.1348
2018-19,2019,Toronto Raptors,58,24,5.49,1366,0.1366
1992-93,1993,Chicago Bulls,57,25,6.19,1645,0.1645
2002-03,2003,San Antonio Spurs,60,22,5.65,1967,0.1967
2008-09,2009,Los Angeles Lakers,65,17,7.11,2282,0.2282
2001-02,2002,Los Angeles Lakers,58,24,7.15,2361,0.2361
1997-98,1998,Chicago Bulls,62,20,7.24,2794,0.2794
2006-07,2007,San Antonio Spurs,58,24,8.35,3153,0.3153
2012-13,2013,Miami Heat,66,16,7.03,3569,0.3569
2013-14,2014,San Antonio Spurs,62,20,8.0,3705,0.3705
1998-99,1999,San Antonio Spurs,37,13,7.12,3966,0.3966
1999-00,2000,Los Angeles Lakers,67,15,8.41,4040,0.404
2004-05,2005,San Antonio Spurs,59,23,7.84,4101,0.4101
1996-97,1997,Chicago Bulls,69,13,10.7,5377,0.5377
2014-15,2015,Golden State Warriors,67,15,10.01,6029,0.6029
2007-08,2008,Boston Celtics,66,16,9.3,6473,0.6473
2024-25,2025,Oklahoma City Thunder,68,14,12.7,6595,0.6595
1995-96,1996,Chicago Bulls,72,10,11.8,6687,0.6687
2023-24,2024,Boston Celtics,64,18,10.75,7409,0.7409
2016-17,2017,Golden State Warriors,67,15,11.35,7535,0.7535
